{"cameraMode":{"drawMode":0,"name":"Shaded","section":"Shading Mode"},"sceneLighting":false,"audioPlay":false,"sceneViewState":{"showFog":true,"showMaterialUpdate":false,"showSkybox":false,"showFlares":true,"showImageEffects":true,"showParticleSystems":true},"in2DMode":false,"pivot":{"x":5.579395294189453,"y":4.292213439941406,"z":5.381999969482422},"rotation":{"x":-0.14677836000919343,"y":-0.0023771889973431827,"z":0.00035024993121623993,"w":-0.9891732335090637},"size":2.329084873199463,"orthographic":false}